<?xml version="1.0" encoding="UTF-8"?>
<!DOCTYPE suite SYSTEM "https://testng.org/testng-1.0.dtd">
<suite parallel="tests" name="Suite">
	
	<groups>
		<run>
			<include name="Purchase"/>
		</run>
	</groups>
	
  <test thread-count="5" name="Submit Oder Test">
    <classes>
      <class name="tests.SubmitOderTest"/>
    </classes>
  </test> <!-- Test -->
  
    <test thread-count="5" name="Error Validations Test">
    <classes>
      <class name="tests.ErrorValidationsTest"/>
    </classes>
  </test> <!-- Test -->
</suite> <!-- Suite -->
